{
  "action_metrics": {
    "action_accuracy": 0.9,
    "unnecessary_search_rate": 0.9803921568627451,
    "calculate_helpfulness": 1.0,
    "unnecessary_calculate_rate": 0.0,
    "justified_refuse_rate": null,
    "over_refusal_rate": null,
    "clarify_helpfulness": 1.0,
    "over_answer_rate": 0.0,
    "non_answer_rate": 0.6839999999999999,
    "action_counts": {
      "SEARCH": 51,
      "CALCULATE": 250,
      "ANSWER": 158,
      "CLARIFY": 41
    },
    "oracle_action_counts": {
      "REFUSE": 50,
      "CALCULATE": 250,
      "ANSWER": 158,
      "CLARIFY": 41,
      "SEARCH": 1
    },
    "per_action_accuracy": {
      "ANSWER": 1.0,
      "CALCULATE": 1.0,
      "CLARIFY": 1.0,
      "SEARCH": 0.0196078431372549
    }
  },
  "answer_metrics": {
    "math_accuracy": 0.0,
    "factual_correctness": 0.745,
    "num_math_samples": 250,
    "num_factual_samples": 200
  },
  "calibration_metrics": {
    "overall_auroc": 0.6447111111111111,
    "overall_ece": 0.2213399999999969,
    "overall_brier": 0.14195780000000033,
    "num_samples": 500,
    "per_dataset": {
      "competition_math": {
        "auroc": null,
        "ece": 0.42000000000000126,
        "brier": 0.17639999999999978,
        "best_coverage_at_90_precision": 0.01,
        "utility_coverage": 1.0,
        "num_samples": 100
      },
      "freshqa": {
        "auroc": null,
        "ece": 0.5799999999999992,
        "brier": 0.3363999999999998,
        "best_coverage_at_90_precision": null,
        "utility_coverage": 0.0,
        "num_samples": 50
      },
      "gsm8k": {
        "auroc": null,
        "ece": 0.42000000000000137,
        "brier": 0.1764000000000002,
        "best_coverage_at_90_precision": 0.006666666666666667,
        "utility_coverage": 1.0,
        "num_samples": 150
      },
      "in3": {
        "auroc": null,
        "ece": 0.3869999999999996,
        "brier": 0.16784999999999986,
        "best_coverage_at_90_precision": 0.02,
        "utility_coverage": 1.0,
        "num_samples": 50
      },
      "mintqa": {
        "auroc": null,
        "ece": 0.10213333333333088,
        "brier": 0.011109333333333339,
        "best_coverage_at_90_precision": 0.006666666666666667,
        "utility_coverage": 1.0,
        "num_samples": 150
      }
    },
    "per_action": {
      "ANSWER": {
        "auroc": null,
        "ece": 0.09999999999999742,
        "brier": 0.010000000000000007,
        "best_coverage_at_90_precision": 0.006329113924050633,
        "utility_coverage": 1.0,
        "num_samples": 158
      },
      "CALCULATE": {
        "auroc": null,
        "ece": 0.4199999999999998,
        "brier": 0.17640000000000053,
        "best_coverage_at_90_precision": 0.004,
        "utility_coverage": 1.0,
        "num_samples": 250
      },
      "CLARIFY": {
        "auroc": null,
        "ece": 0.4499999999999996,
        "brier": 0.20249999999999987,
        "best_coverage_at_90_precision": 0.024390243902439025,
        "utility_coverage": 1.0,
        "num_samples": 41
      },
      "SEARCH": {
        "auroc": 0.48,
        "ece": 0.5603921568627442,
        "brier": 0.33326274509803894,
        "best_coverage_at_90_precision": null,
        "utility_coverage": 0.0196078431372549,
        "num_samples": 51
      }
    },
    "best_coverage_at_90_precision": 0.002,
    "utility_coverage": 0.9
  }
}