{
  "action_metrics": {
    "action_accuracy": 0.318,
    "unnecessary_search_rate": 0.9803921568627451,
    "calculate_helpfulness": null,
    "unnecessary_calculate_rate": null,
    "justified_refuse_rate": null,
    "over_refusal_rate": null,
    "clarify_helpfulness": null,
    "over_answer_rate": 0.6481069042316259,
    "non_answer_rate": 0.10199999999999998,
    "action_counts": {
      "SEARCH": 51,
      "ANSWER": 449
    },
    "oracle_action_counts": {
      "REFUSE": 50,
      "CALCULATE": 250,
      "ANSWER": 158,
      "CLARIFY": 41,
      "SEARCH": 1
    },
    "per_action_accuracy": {
      "ANSWER": 0.3518930957683742,
      "SEARCH": 0.0196078431372549
    }
  },
  "answer_metrics": {
    "math_accuracy": 1.0,
    "factual_correctness": 0.745,
    "num_math_samples": 250,
    "num_factual_samples": 200
  },
  "calibration_metrics": {
    "headline_metric": "decision_auroc",
    "overall_auroc": 0.41494678987070954,
    "overall_ece": 0.42608000000000373,
    "overall_brier": 0.40100159999999774,
    "num_samples": 500,
    "per_dataset": {
      "competition_math": {
        "auroc": null,
        "ece": 0.7399999999999999,
        "brier": 0.5476000000000009,
        "best_coverage_at_90_precision": null,
        "utility_coverage": 0.0,
        "num_samples": 100
      },
      "freshqa": {
        "auroc": null,
        "ece": 0.7800000000000006,
        "brier": 0.6083999999999997,
        "best_coverage_at_90_precision": null,
        "utility_coverage": 0.0,
        "num_samples": 50
      },
      "gsm8k": {
        "auroc": null,
        "ece": 0.7399999999999982,
        "brier": 0.5476000000000014,
        "best_coverage_at_90_precision": null,
        "utility_coverage": 0.0,
        "num_samples": 150
      },
      "in3": {
        "auroc": 0.6883468834688347,
        "ece": 0.5599999999999996,
        "brier": 0.4611999999999995,
        "best_coverage_at_90_precision": null,
        "utility_coverage": 0.18,
        "num_samples": 50
      },
      "mintqa": {
        "auroc": null,
        "ece": 0.25973333333333515,
        "brier": 0.06747200000000002,
        "best_coverage_at_90_precision": 0.006666666666666667,
        "utility_coverage": 1.0,
        "num_samples": 150
      }
    },
    "per_action": {
      "ANSWER": {
        "auroc": 0.4824698768976467,
        "ece": 0.38810690423163047,
        "brier": 0.3786913140311791,
        "best_coverage_at_90_precision": null,
        "utility_coverage": 0.3518930957683742,
        "num_samples": 449
      },
      "SEARCH": {
        "auroc": 0.48,
        "ece": 0.7603921568627456,
        "brier": 0.597419607843137,
        "best_coverage_at_90_precision": null,
        "utility_coverage": 0.0196078431372549,
        "num_samples": 51
      }
    },
    "decision_calibration": {
      "overall_auroc": 0.41494678987070954,
      "overall_ece": 0.42608000000000373,
      "overall_brier": 0.40100159999999774,
      "num_samples": 500,
      "best_coverage_at_90_precision": null,
      "utility_coverage": 0.318,
      "per_dataset": {
        "competition_math": {
          "auroc": null,
          "ece": 0.7399999999999999,
          "brier": 0.5476000000000009,
          "best_coverage_at_90_precision": null,
          "utility_coverage": 0.0,
          "num_samples": 100
        },
        "freshqa": {
          "auroc": null,
          "ece": 0.7800000000000006,
          "brier": 0.6083999999999997,
          "best_coverage_at_90_precision": null,
          "utility_coverage": 0.0,
          "num_samples": 50
        },
        "gsm8k": {
          "auroc": null,
          "ece": 0.7399999999999982,
          "brier": 0.5476000000000014,
          "best_coverage_at_90_precision": null,
          "utility_coverage": 0.0,
          "num_samples": 150
        },
        "in3": {
          "auroc": 0.6883468834688347,
          "ece": 0.5599999999999996,
          "brier": 0.4611999999999995,
          "best_coverage_at_90_precision": null,
          "utility_coverage": 0.18,
          "num_samples": 50
        },
        "mintqa": {
          "auroc": null,
          "ece": 0.25973333333333515,
          "brier": 0.06747200000000002,
          "best_coverage_at_90_precision": 0.006666666666666667,
          "utility_coverage": 1.0,
          "num_samples": 150
        }
      },
      "per_action": {
        "ANSWER": {
          "auroc": 0.4824698768976467,
          "ece": 0.38810690423163047,
          "brier": 0.3786913140311791,
          "best_coverage_at_90_precision": null,
          "utility_coverage": 0.3518930957683742,
          "num_samples": 449
        },
        "SEARCH": {
          "auroc": 0.48,
          "ece": 0.7603921568627456,
          "brier": 0.597419607843137,
          "best_coverage_at_90_precision": null,
          "utility_coverage": 0.0196078431372549,
          "num_samples": 51
        }
      }
    },
    "answer_calibration": {
      "overall_auroc": null,
      "overall_ece": 0.2599999999999959,
      "overall_brier": 0.06759999999999963,
      "num_samples": 399,
      "best_coverage_at_90_precision": 0.002506265664160401,
      "utility_coverage": 1.0,
      "per_dataset": {
        "competition_math": {
          "overall_auroc": null,
          "overall_ece": 0.2600000000000001,
          "overall_brier": 0.06759999999999991,
          "num_samples": 100,
          "best_coverage_at_90_precision": 0.01,
          "utility_coverage": 1.0
        },
        "freshqa": {
          "overall_auroc": null,
          "overall_ece": null,
          "overall_brier": null,
          "num_samples": 0,
          "best_coverage_at_90_precision": null,
          "utility_coverage": null
        },
        "gsm8k": {
          "overall_auroc": null,
          "overall_ece": 0.2600000000000018,
          "overall_brier": 0.06760000000000002,
          "num_samples": 150,
          "best_coverage_at_90_precision": 0.006666666666666667,
          "utility_coverage": 1.0
        },
        "in3": {
          "overall_auroc": null,
          "overall_ece": null,
          "overall_brier": null,
          "num_samples": 0,
          "best_coverage_at_90_precision": null,
          "utility_coverage": null
        },
        "mintqa": {
          "overall_auroc": null,
          "overall_ece": 0.2600000000000018,
          "overall_brier": 0.06760000000000001,
          "num_samples": 149,
          "best_coverage_at_90_precision": 0.006711409395973154,
          "utility_coverage": 1.0
        }
      }
    },
    "best_coverage_at_90_precision": null,
    "utility_coverage": 0.318
  }
}